[{
		"bookname": "A Text-book of Tanning, by Henry R. Procter, F.C.S., a Project Gutenberg eBook.",
		"image": "A Text-book of Tanning, by Henry R. Procter, F.C.S., a Project Gutenberg eBook._files/cover.jpg",
		"price": 34.99,
		"description": "A Text-book of Tanning, by Henry R. Procter, F.C.S., a Project Gutenberg eBook Is The Best Book Ever",
		"Likes": 0,
		"url":"A Text-book of Tanning, by Henry R. Procter, F.C.S., a Project Gutenberg eBook..html"
	},
	{
		"bookname": "The Project Gutenberg eBook of A History of the British Army Vol. II, by J. W. Fortescue.",
		"image": "The Project Gutenberg eBook of A History of the British Army Vol. II, by J. W. Fortescue._files/cover.jpg",
		"price": 24.99,
		"description": "he Project Gutenberg eBook of A History of the British Army Vol. II, by J. W. Fortescue Is Talking About The History of The British Army",
		"Likes": 0,
		"url":"The Project Gutenberg eBook of A History of the British Army Vol. II, by J. W. Fortescue..html"
	},
	{
		"bookname": "The Project Gutenberg eBook of The Gilded Man, by A. F. Bandelier.",
		"image": "The Project Gutenberg eBook of The Gilded Man, by A. F. Bandelier._files/cover.jpg",
		"price": 54.99,
		"description": "The Project Gutenberg eBook of The Gilded Man, by A. F. Bandelier is a Good Book Talking About The Gilded Man",
		"Likes": 0,
		"url":"The Project Gutenberg eBook of The Gilded Man, by A. F. Bandelier..html"
	},
	{
		"bookname": "The Project Gutenberg eBook of Frank Hunter's Peril, by Horatio Alger, Jr.",
		"image": "The Project Gutenberg eBook of Frank Hunter's Peril, by Horatio Alger, Jr._files/cover.jpg",
		"price": 69.99,
		"description": "The Project Gutenberg eBook of Frank Hunter's Peril, by Horatio Alger, Jr Is A Wonderful Book",
		"Likes": 0,
		"url":"The Project Gutenberg eBook of Frank Hunter's Peril, by Horatio Alger, Jr..html"
	}, {
		"bookname": "The Project Gutenberg eBook of Contemporary Composers, by Daniel Gregory Mason.",
		"image": "The Project Gutenberg eBook of Contemporary Composers, by Daniel Gregory Mason._files/cover.jpg",
		"price": 19.99,
		"description": "The Project Gutenberg eBook of Contemporary Composers, by Daniel Gregory Mason Very Lovely Book",
		"Likes": 0,
		"url":"The Project Gutenberg eBook of Contemporary Composers, by Daniel Gregory Mason..html"
	},
	{
		"bookname": "Distributed Proofreader's Canada eBook of Two Little Women and Treasure House",
		"image": "Distributed Proofreader's Canada eBook of Two Little Women and Treasure House_files/cover.jpg",
		"price": 39.99,
		"description": "Read Distributed Proofreader's Canada eBook of Two Little Women and Treasure House If you Like Proofreader Canada",
		"Likes": 0,
		"url":"Distributed Proofreader's Canada eBook of Two Little Women and Treasure House.html"
	},
	{
		"bookname": "The Project Gutenberg eBook of Head of the Lower School, by Dorothea Moore",
		"image": "The Project Gutenberg eBook of Head of the Lower School, by Dorothea Moore_files/cover.jpg",
		"price": 89.99,
		"description": "The Project Gutenberg eBook of Head of the Lower School, by Dorothea Moore Is A Great Book",
		"Likes": 0,
		"url":"The Project Gutenberg eBook of Head of the Lower School, by Dorothea Moore.html"
	},
	{
		"bookname": "Distributed Proofreader's Canada eBook of Patty in the City",
		"image": "Distributed Proofreader's Canada eBook of Patty in the City_files/cover.jpg",
		"price": 29.99,
		"description": "Distributed Proofreader's Canada eBook of Patty in the City talk about Canada",
		"Likes": 0,
		"url":"Distributed Proofreader's Canada eBook of Patty in the City.html"
	},
	{
		"bookname": "The Distributed Proofreaders Canada eBook of The Canadian Horticulturist Vol. I, No. 0 (Index and Compendium) by D.W. Beadle (ed.)",
		"image": "The Distributed Proofreaders Canada eBook of The Canadian Horticulturist Vol. I, No. 0 (Index and Compendium) by D.W. Beadle (ed.)_files/cover.jpg",
		"price": 59.99,
		"description": "The Distributed Proofreaders Canada eBook of The Canadian Horticulturist Talking About The Canadian Horticulturist",
		"Likes": 0,
		"url":"The Distributed Proofreaders Canada eBook of The Canadian Horticulturist Vol. I, No. 0 (Index and Compendium) by D.W. Beadle (ed.).html"
	},
	{
		"bookname": "A Project Gutenberg eBook_ Legends of Fire Island Beach and the South Side, by Edward Richard Shaw",
		"image": "A Project Gutenberg eBook_ Legends of Fire Island Beach and the South Side, by Edward Richard Shaw_files/cover.jpg",
		"price": 49.99,
		"description": "A Project Gutenberg eBook_ Legends of Fire Island Beach and the South Side Is A Fire Book!!",
		"Likes": 0,
		"url":"A Project Gutenberg eBook_ Legends of Fire Island Beach and the South Side, by Edward Richard Shaw.html"
	}
]