[
	{
		"username": "jack",		
		"nickname": "jacky",
		"bookname": "A Text-book of Tanning, by Henry R. Procter, F.C.S., a Project Gutenberg eBook."	
	},
	{
		"username": "noah",		
		"nickname": "noahy",
		"bookname": "A Text-book of Tanning, by Henry R. Procter, F.C.S., a Project Gutenberg eBook."	
	},
	{
		"username": "maya",		
		"nickname": "mayara",
		"bookname": "A Text-book of Tanning, by Henry R. Procter, F.C.S., a Project Gutenberg eBook."	
	},
	{
		"username": "jacob",		
		"nickname": "jacobaa",
		"bookname": "A Text-book of Tanning, by Henry R. Procter, F.C.S., a Project Gutenberg eBook."	
	},
	{
		"username": "ramez",		
		"nickname": "ramezi",
		"bookname": "A Text-book of Tanning, by Henry R. Procter, F.C.S., a Project Gutenberg eBook."
	},
	{
		"username": "aya",		
		"nickname": "ayasha",
		"bookname": "The Project Gutenberg eBook of A History of the British Army Vol. II, by J. W. Fortescue."	
	},
	{
		"username": "rawan",		
		"nickname": "raw",
		"bookname": "The Project Gutenberg eBook of A History of the British Army Vol. II, by J. W. Fortescue."		
	},
	{
		"username": "emily",		
		"nickname": "emilyya",
		"bookname": "The Project Gutenberg eBook of A History of the British Army Vol. II, by J. W. Fortescue."		
	},
	{
		"username": "khaled",		
		"nickname": "khaledy",
		"bookname": "The Project Gutenberg eBook of A History of the British Army Vol. II, by J. W. Fortescue."		
	},
	{
		"username": "ramez",		
		"nickname": "ramezi",
		"bookname": "The Project Gutenberg eBook of A History of the British Army Vol. II, by J. W. Fortescue."		
	},
	{
		"username": "jacob",		
		"nickname": "jacobaa",
		"bookname": "The Project Gutenberg eBook of The Gilded Man, by A. F. Bandelier."		
	},
	{
		"username": "ethan",		
		"nickname": "eth",
		"bookname": "The Project Gutenberg eBook of The Gilded Man, by A. F. Bandelier."		
	},
	{
		"username": "aya",		
		"nickname": "ayasha",
		"bookname": "The Project Gutenberg eBook of The Gilded Man, by A. F. Bandelier."	
	},
	{
		"username": "sam",		
		"nickname": "samy",
		"bookname": "The Project Gutenberg eBook of The Gilded Man, by A. F. Bandelier."	
	},
	{
		"username": "elias",		
		"nickname": "eli",
		"bookname": "The Project Gutenberg eBook of The Gilded Man, by A. F. Bandelier."		
	},
	{
		"username": "elias",		
		"nickname": "eli",
		"bookname": "The Project Gutenberg eBook of Frank Hunter's Peril, by Horatio Alger, Jr."		
	},
	{
		"username": "sam",		
		"nickname": "samy",
		"bookname": "The Project Gutenberg eBook of Frank Hunter's Peril, by Horatio Alger, Jr."		
	},
	{
		"username": "aya",		
		"nickname": "ayasha",
		"bookname": "The Project Gutenberg eBook of Frank Hunter's Peril, by Horatio Alger, Jr."	
	},
	{
		"username": "conan",		
		"nickname": "coco",
		"bookname": "The Project Gutenberg eBook of Frank Hunter's Peril, by Horatio Alger, Jr."	
	},
	{
		"username": "jimmy",		
		"nickname": "jim",
		"bookname": "The Project Gutenberg eBook of Frank Hunter's Peril, by Horatio Alger, Jr."		
	},
	{
		"username": "noah",		
		"nickname": "noahy",
		"bookname": "The Project Gutenberg eBook of Contemporary Composers, by Daniel Gregory Mason."		
	},
	{
		"username": "ethan",		
		"nickname": "eth",
		"bookname": "The Project Gutenberg eBook of Contemporary Composers, by Daniel Gregory Mason."		
	},
	{
		"username": "jack",		
		"nickname": "jacky",
		"bookname": "The Project Gutenberg eBook of Contemporary Composers, by Daniel Gregory Mason."	
	},
	{
		"username": "messi",		
		"nickname": "leo",
		"bookname": "The Project Gutenberg eBook of Contemporary Composers, by Daniel Gregory Mason."	
	},
	{
		"username": "marinda",		
		"nickname": "marindaya",
		"bookname": "The Project Gutenberg eBook of Contemporary Composers, by Daniel Gregory Mason."		
	},
	{
		"username": "james",		
		"nickname": "jam",
		"bookname": "Distributed Proofreader's Canada eBook of Two Little Women and Treasure House"		
	},
	{
		"username": "david",		
		"nickname": "davidee",
		"bookname": "Distributed Proofreader's Canada eBook of Two Little Women and Treasure House"		
	},
	{
		"username": "jacob",		
		"nickname": "jacobaa",
		"bookname": "Distributed Proofreader's Canada eBook of Two Little Women and Treasure House"	
	},
	{
		"username": "marinda",		
		"nickname": "marindaya",
		"bookname": "Distributed Proofreader's Canada eBook of Two Little Women and Treasure House"	
	},
	{
		"username": "maya",		
		"nickname": "mayara",
		"bookname": "Distributed Proofreader's Canada eBook of Two Little Women and Treasure House"		
	},
	{
		"username": "jack",		
		"nickname": "jacky",
		"bookname": "The Project Gutenberg eBook of Head of the Lower School, by Dorothea Moore"		
	},
	{
		"username": "noah",		
		"nickname": "noahy",
		"bookname": "The Project Gutenberg eBook of Head of the Lower School, by Dorothea Moore"		
	},
	{
		"username": "emily",		
		"nickname": "emilyya",
		"bookname": "The Project Gutenberg eBook of Head of the Lower School, by Dorothea Moore"	
	},
	{
		"username": "jacob",		
		"nickname": "jacobaa",
		"bookname": "The Project Gutenberg eBook of Head of the Lower School, by Dorothea Moore"	
	},
	{
		"username": "david",		
		"nickname": "davidee",
		"bookname": "The Project Gutenberg eBook of Head of the Lower School, by Dorothea Moore"		
	},
	{
		"username": "sam",		
		"nickname": "samy",
		"bookname": "Distributed Proofreader's Canada eBook of Patty in the City"		
	},
	{
		"username": "aya",		
		"nickname": "ayasha",
		"bookname": "Distributed Proofreader's Canada eBook of Patty in the City"		
	},
	{
		"username": "jack",		
		"nickname": "jacky",
		"bookname": "Distributed Proofreader's Canada eBook of Patty in the City"	
	},
	{
		"username": "ethan",		
		"nickname": "eth",
		"bookname": "Distributed Proofreader's Canada eBook of Patty in the City"	
	},
	{
		"username": "james",		
		"nickname": "jam",
		"bookname": "Distributed Proofreader's Canada eBook of Patty in the City"		
	},
	{
		"username": "james",		
		"nickname": "jam",
		"bookname": "The Distributed Proofreaders Canada eBook of The Canadian Horticulturist Vol. I, No. 0 (Index and Compendium) by D.W. Beadle (ed.)"		
	},
	{
		"username": "jack",		
		"nickname": "jacky",
		"bookname": "The Distributed Proofreaders Canada eBook of The Canadian Horticulturist Vol. I, No. 0 (Index and Compendium) by D.W. Beadle (ed.)"		
	},
	{
		"username": "jacob",		
		"nickname": "jacobaa",
		"bookname": "The Distributed Proofreaders Canada eBook of The Canadian Horticulturist Vol. I, No. 0 (Index and Compendium) by D.W. Beadle (ed.)"	
	},
	{
		"username": "elias",		
		"nickname": "eli",
		"bookname": "The Distributed Proofreaders Canada eBook of The Canadian Horticulturist Vol. I, No. 0 (Index and Compendium) by D.W. Beadle (ed.)"	
	},
	{
		"username": "khaled",		
		"nickname": "khaledy",
		"bookname": "The Distributed Proofreaders Canada eBook of The Canadian Horticulturist Vol. I, No. 0 (Index and Compendium) by D.W. Beadle (ed.)"		
	},
	{
		"username": "messi",		
		"nickname": "leo",
		"bookname": "A Project Gutenberg eBook_ Legends of Fire Island Beach and the South Side, by Edward Richard Shaw"		
	},
	{
		"username": "james",		
		"nickname": "jam",
		"bookname": "A Project Gutenberg eBook_ Legends of Fire Island Beach and the South Side, by Edward Richard Shaw"		
	},
	{
		"username": "maya",		
		"nickname": "mayara",
		"bookname": "A Project Gutenberg eBook_ Legends of Fire Island Beach and the South Side, by Edward Richard Shaw"	
	},
	{
		"username": "jimmy",		
		"nickname": "jim",
		"bookname": "A Project Gutenberg eBook_ Legends of Fire Island Beach and the South Side, by Edward Richard Shaw"	
	},
	{
		"username": "elias",		
		"nickname": "eli",
		"bookname": "A Project Gutenberg eBook_ Legends of Fire Island Beach and the South Side, by Edward Richard Shaw"		
	}
]