[{
		"username": "jack",
		"bookname": "A Text-book of Tanning, by Henry R. Procter, F.C.S., a Project Gutenberg eBook.",
		"review": "While a detective whose name I don't remember is investigating the murder of a friend's daughter, he and his new partner, Riggs, a suicidal burned-out ex-Vietnam sniper, stumble onto a heroin ring.This movie is so loaded with cliches, ex-CIA men turned to crime, a tough looking guy holding his arm in a flame to prove his loyalty to Fearless Leader, kidnapped daughters, and so on, that there is no room left for any genuine suspense. What is left is an adventure movie with no guts or heart.If you look hard for something worthwhile in this movie, there is a vague chemistry between Glover and Gibson that provides a couple of good laughs. But that chemistry is erratic at best, and doesn't come close to saving the film",
		"verified": 1
	},
	{
		"username": "noah",
		"bookname": "A Text-book of Tanning, by Henry R. Procter, F.C.S., a Project Gutenberg eBook.",
		"review": "I saw this movie at a special pre-release screening here at UCSD. Before the movie started, there was a trailer stating something to the effect that the version we were seeing was not a finished product, and that color, editing, etc. (I can't remember the rest) may be adjusted. We saw the film Saturday night, the film is being released on Friday. Sidenote: can they really make major changes in that short a time?The story is set in 1955, and involves a PI, Harry Angel (Mickey Rourke) hired by a mysterious stranger named Louis Cyphre (Robert DeNiro) to find Johnny Favorite, who welshed on a debt he owes Mr. Cyphre. The only ",
		"verified": 1
	},
	{
		"username": "emily",
		"bookname": "A Text-book of Tanning, by Henry R. Procter, F.C.S., a Project Gutenberg eBook.",
		"review": "For this movie to work, it is important that the questions lead in a tighter and tighter spiral, the tension must mount, the pace quicken. While there can be occasional minor buildups and releases, overall there has to be a heightening sense of mystery and peril. On two of these scores the movie succeeds, and on one I believe it fails. First, the screenplay felt tight; the clues led ominously to the next one, and each one seemed to provide more questions than it answered, right up to the slow realization of the solution. There were a couple of plot holes, but only one truly felt jarring, and, set near the end, it did not detract from the pace. In addition, the cinematography set a tone that properly framed the action. Early on, a",
		"verified": 1
	},
	{
		"username": "jacob",
		"bookname": "A Text-book of Tanning, by Henry R. Procter, F.C.S., a Project Gutenberg eBook.",
		"review": "Mickey Rourke does a fine job of making Harry Angel an everyman's PI. Occasionally he seems to fall too far into the nervous school of acting, but his gradual realization of the real story is nicely evoked. Lisa Bonet is striking as the sexy, worldly young voodoo priestess. Robert DeNiro captures the mystery of Louis Cyphre well, but Charlotte Rampling is not given enough leeway to play her part of the fortune-teller debutante girlfriend of the missing man.There is considerable violence and gore in the movie, perhaps more than necessary. There is also some flesh and sex, but not gratuitously. I especially think the ending twist is highly imaginative. Looking back, I think that a good job was done in translating the feel of the story 2.",
		"verified": 1
	},
	{
		"username": "david",
		"bookname": "A Text-book of Tanning, by Henry R. Procter, F.C.S., a Project Gutenberg eBook.",
		"review": "This is a police thriller in the tradition of 48 HOURS and THE FRENCH CONNECTION. It's taut, well-executed, and not entirely predictable. It comes to us from Richard Donner, of SUPERMAN fame, who is noted for his interest in characterization and making the characters seem real and believable to the audience despite their often superhuman abilities. In SUPERMAN, this took the form of an alien with amazing super powers. In LETHAL WEAPON, this takes the form of Martin Riggs (Mel Gibson) whose incredible prowess with any kind of firearm as well as his proficiency of a number of martial arts make him the lethal weapon to whom the title refers. He also spends some of his evenings alone in his motor home mourning over his dead wife and deciding whether or not he should join her.",
		"verified": 1
	},
	{
		"username": "conan",
		"bookname": "A Text-book of Tanning, by Henry R. Procter, F.C.S., a Project Gutenberg eBook.",
		"review": "fiftieth birthday. The idea of pairing two opposites is by no means a new one, especially in police stories, but Donner pulls it off well. Both characters are basically likable. Neither pull a lot of comedic one-liners or fit any stereotypical cop roles. Murtholdt (sp.?), Glover's character has a kind of presence simply due to his stature coupled with his natural soft-spoken style. Gibson's character is so interesting because we never know for sure whether or not he is as insane as Glover as well as the police psychologist seem to believe. He certainly does well as a killing machine, claiming that killing is the only thing he could ever do well.As a thriller, the movie is nearly flawless. There are few slow scenes (one in a firing range where the two are discussing a case seemed to drag a bit)/",
		"verified": 1
	},
	{
		"username": "jimmy",
		"bookname": "A Text-book of Tanning, by Henry R. Procter, F.C.S., a Project Gutenberg eBook.",
		"review": "idea of having ex-CIA men going BAD and smuggling drugs is not a new one, but it's used well in this film and provides some interesting interplay between the good guys and the bad guys. The action scenes are, on the whole, extremely well executed; I was on the edge of my seat for most of the movie.In short, this film is a must see for anyone at all interested in the present rage of killer-cop and angry soldier movies this Spring (and also for those who aren't interested but like action). Credit is also due to Gary Busey who turns in a fine performance as a psychopathic Vietnam vet (he's good at playing crazies) and to Tom Atkins as Glover's old war buddy whose daughter stars in one of the most stimulating opening scenes I have ever seen.",
		"verified": 1
	},
	{
		"username": "james",
		"bookname": "A Text-book of Tanning, by Henry R. Procter, F.C.S., a Project Gutenberg eBook.",
		"review": "Harry Angel (played by Mickey Rourke) is a hard-boiled private eye in the Philip Marlowe tradition. He is a little crude, a little rude, and occasionally a little bit dense. His client is Louis Cyphre (played by Robert DeNiro), a recluse with a silver cane, pointed fingernails, and, like a cipher, is something of a mystery to be solved. Cyphre hires Angel to track down Johnny Favorite, a singer who disappeared twelve years earlier in 1943. Angel follows a trail that has been cold for twelve years through Harlem, Poughkeepsie, Coney Island, and soon to New Orleans. The trail will lead from drug addicts to evangelists to voodoo worshipers. Harry will trigger a series of murders of friends of Favorite and will become the prime suspect in some of these murders before he discovers the secret of the disappearance of Favorite.",
		"verified": 1
	},
	{
		"username": "ethan",
		"bookname": "A Text-book of Tanning, by Henry R. Procter, F.C.S., a Project Gutenberg eBook.",
		"review": "You want a thriller with lots of mindless action, no logic, and a bunch of fractional-dimensional characters. Cable this month is running what passes for entertainment in some quarters. The film is THE HITCHER and as a friend of mine would say, it sucks pond water. Actually I think this one could turn back a raging river.Our main character--I don't think we ever get his name so I will call him Poor Schnook--is a teenager driving a car from Chicago to San Diego by way of nearly empty Texas roads. Schnook picks up a psychotic killer played by Rutger Hauer, who adds one more implacable killer to his list of roles. Hauer had better start being more selective in his roles or he will lose the aura he had from SOLDIER OF ORANGE and BLADERUNNER. From the point he gets picked ",
		"verified": 1
	},
	{
		"username": "liam",
		"bookname": "A Text-book of Tanning, by Henry R. Procter, F.C.S., a Project Gutenberg eBook.",
		"review": "up, Hauer does everything right. He is always in just the right place at the right instant. It is not long before the police think Poor Schnook is the killer and these are not your ordinary police. They have intelligence roughly equivalent to protozoa. In a scene we see only the aftermath of, Hauer has wiped out an entire police station with apparently no more than a knife. In one carefully choreographed scene, with one bullet Hauer knocks out one police helicopter and two police cars whose occupants somehow missed seeing the slowly dropping helicopter fall. The more destruction there is, the more the police want to kill Poor Schnook and the less interested they are in hearing his claims that someone else is responsible.",
		"verified": 1
	},
	
	
	
	
	{
		"username": "sam",
		"bookname": "The Project Gutenberg eBook of A History of the British Army Vol. II, by J. W. Fortescue.",
		"review": "During the course of their relationship we are introduced to Bruce's homosexual roommate/lover Bob, Bob'stheatrical mother, Bruce's psychoanalyst, and Prudence's psychoanalyst. A series of bizarre coincidences puts these six people on a collision course with the hilarious climax.BEYOND THERAPY builds momentum slowly. The first 45 minutes, during which the relationships between the main characters are reveled and expanded, are slow sometimes to the point of being tedious. About half of the people in the audience walked out during this part of the film.",
		"verified": 1
	},
	{
		"username": "maya",
		"bookname": "The Project Gutenberg eBook of A History of the British Army Vol. II, by J. W. Fortescue.",
		"review": "Well, so much for HANNAH -- I babbled glowingly about that last year, and once is enough. I didn't like RADIO DAYS as well, but then, I didn't like anything I saw last year as much as HANNAH, so I guess that's not much of a criticism. Good. RADIO DAYS isn't as easily likable as HANNAH, and it's not going to win the audiences HANNAH did -- but it's as finely crafted (perhaps more so), and satisfying in different ways. While HANNAH celebrates friends and families as an adult, RADIO DAYS is a tribute to nostalgia: nostalgia of the family, nostalgia of the world.",
		"verified": 1
	},
	{
		"username": "david",
		"bookname": "The Project Gutenberg eBook of A History of the British Army Vol. II, by J. W. Fortescue.",
		"review": "When my folks lived in DC during the early 70s, several radio stations were playing old shows every night. My parents hold the same affection for the radio they grew up with (Sky King, I Love a Mystery, The Lone Ranger) as I had for the TV I grew up with (Thunderbirds, StingRay, UFO); they managed to pass that on to me, and I spent a year listening to radio more than I watched TV (I was just past 10 at the time). The Lone Ranger was a favorite -- I always loved how, as LR and Tonto were riding off, some schmoe would step in",
		"verified": 1
	},
	{
		"username": "jimmy",
		"bookname": "The Project Gutenberg eBook of A History of the British Army Vol. II, by J. W. Fortescue.",
		"review": "t's funny, in retrospect, that Orson Welles name comes up so often in the dialogue of RADIO DAYS. Allen could almost be the Welles of the 80s -- he makes personal, quality films under his complete control, using a small repertory group of actors over and over again (note Tony Roberts is in this one, also -- he seems to be Allen's Talisman, at time. Oh well, whatever works...). A Mercury Theater for the movies. One wonders if he sees the similarities, too. Anyway, Allen continues to produce his yearly snowflake, different from the previous film, and the next film, but with features of both. I hope he goes on making them for a long, long time.",
		"verified": 1
	},
	{
		"username": "emily",
		"bookname": "The Project Gutenberg eBook of A History of the British Army Vol. II, by J. W. Fortescue.",
		"review": "If you agree that the Nightmare on Elm Street series is the OUT OF AFRICA of slasher films, the CASABLANCA of dead teenager flicks, then you'll enjoy this trilogy-defining sequel. Besides learning more about Freddy's genealogy, physiology and ontogeny, we are treated to an almost endless stream of imaginative effects. I mean the practical effects and stop-motion animation are well executed and just plain fun. Freddy's incarnation as a television set (with an enjoyable cameo by Dick Cavett and Eva Gabor), and the tongue-spouting seductress, were particularly original. I was also impressed with the clay and skeletal animation.",
		"verified": 1
	},
	{
		"username": "elias",
		"bookname": "The Project Gutenberg eBook of A History of the British Army Vol. II, by J. W. Fortescue.",
		"review": "I really enjoyed the first of these three movies -- you never knew what was real and what was not, and you never knew what was going to happen. The idea of making the violence that happened in the dreams actually become real -- i.e. you get burned in a dream, the burn stays around in real life -- was the most compelling part of the film.But in part two, everything got screwed. Freddie came out into the real world and thus negated the interesting parts of the story. It turned into a simple slasher film with no real interesting parts. In fact, I didn't manage to stay awake through the second time I saw it. Boring.",
		"verified": 1
	},
	{
		"username": "aya",
		"bookname": "The Project Gutenberg eBook of A History of the British Army Vol. II, by J. W. Fortescue.",
		"review": "As a thriller, the movie is nearly flawless. There are few slow scenes (one in a firing range where the two are discussing a case seemed to drag a bit). The plot is interesting and not as predictable as some reviewers have claimed. True, the idea of having ex-CIA men going BAD and smuggling drugs is not a new one, but it's used well in this film and provides some interesting interplay between the good guys and the bad guys. The action scenes are, on the whole, extremely well executed; I was on the edge of my seat for most of the movie.",
		"verified": 1
	},
	{
		"username": "liam",
		"bookname": "The Project Gutenberg eBook of A History of the British Army Vol. II, by J. W. Fortescue.",
		"review": "I recently gave a fairly negative review to an attempted nightmarish thriller, THE HITCHER. The plot of that is one of a teenager driving cross-country who picks up a psychotic hitchhiker and spends the rest of the movie fighting this creep who always does just the right thing, who has super-human strength, and who apparently has the ability to cloud the minds of officers of the law. Several people commented that they found it a very tense film and one asked me what more I wanted from a thriller. I just saw a film that has some superficial similarities to THE HITCHER but does just about everything right that I thought THE HITCHER did wrong. The film is THE BEDROOM WINDOW and it does right nearly everything that I thought THE HITCHER did wrong.",
		"verified": 1
	},
	{
		"username": "rawan",
		"bookname": "The Project Gutenberg eBook of A History of the British Army Vol. II, by J. W. Fortescue.",
		"review": "Every once in a while, one of the cable stations runs what they call a find. That is, they run a little-known film that got almost no theatrical play but is a good film anyway. Actually, little-known may not be quite accurate, since almost always the cable finds have been previously reviewed--usually favorably--on one or the other of TV's review programs. Well, I guess in the same sense I can claim BELIZAIRE THE CAJUN as a find of sorts. It seems to me that I had heard it recommended but it sounded kind of artsy and dull. The last thing I was expecting was a fun film. It takes about five minutes to get into the southern and Cajun accents and the occasional lapsing into French. (What can I say? I'm slow!) After that I was enjoying the film too much to let any of that get in my way.",
		"verified": 1
	},
	{
		"username": "ramez",
		"bookname": "The Project Gutenberg eBook of A History of the British Army Vol. II, by J. W. Fortescue.",
		"review": "The main character of MAN FACING SOUTHEAST is a psychiatrist in an insane asylum. Dr. Denis is disturbed by his inability to really help his patients and by the asylum's callous and factory-like treatment of patients. One patient's fantasy, incidentally, is an uncredited enactment of the painting The Lovers by Magritte. But a new patient appears at the asylum one day, committing himself. It is Rantes's apparent delusion that he is an extra-terrestrial sent to Earth on a mission. He commits himself voluntarily because he knows society would only commit him more forcibly if he did not.",
		"verified": 1
	},
	
	
	
	{
		"username": "elias",
		"bookname": "The Project Gutenberg eBook of The Gilded Man, by A. F. Bandelier.",
		"review": "The story is moderately peculiar, to begin with. A lower class Arizona couple discover that they can't have a baby. Adoption is out, as the husband is a five or six time loser, specializing in robbing convenience stores with an unloaded gun. When they hear of the birth of a set of quintuplets, they set out to steal one of them for their own. Raising Arizona just starts from here, throwing in vast numbers of complicating factors and extraneous vignettesvignettes",
		"verified": 1
	},
	{
		"username": "rawan",
		"bookname": "The Project Gutenberg eBook of The Gilded Man, by A. F. Bandelier.",
		"review": "I was a big fan of Joel and Ethan Coen's first film, Blood Simple. I'm not sure if it's accurate to say that their new film, Raising Arizona, is precisely a disappointment, but it certainly isn't at all what I expected, and I didn't really like it. Raising Arizona is such a peculiar movie that I find it difficult to analyze my own feelings about it. In some sense, that itself is a sort of recommendation, since I'm a believer in trying to have unusual film experiences, but I can't help but come back to the fact that I didn't really like it",
		"verified": 1
	},
	{
		"username": "jack",
		"bookname": "The Project Gutenberg eBook of The Gilded Man, by A. F. Bandelier.",
		"review": "The actors of this piece were, I think, chosen for the terrorized looks they could get on their faces and for how ghoulish they could make themselves look. The script is incredibly contrived, including such touches as having a bridge that would have cost in the millions that leads to nowhere but a shack in the woods. I didn't think boondoggles got that big",
		"verified": 1
	},
	{
		"username": "noah",
		"bookname": "The Project Gutenberg eBook of The Gilded Man, by A. F. Bandelier.",
		"review": "The plot is that some professor of some sort has translated the Necronomicon (of H. P. Lovecraft fame). He recorded an incantation on tape and now whenever anyone plays the tape it's Anything-Can-Happen-Day. A young couple find the cabin and think it might be an ideal trysting place. Most of one of them is left the next night when the professor's daughter shows up with a friend and two rather strange locals",
		"verified": 1
	},
	{
		"username": "jimmy",
		"bookname": "The Project Gutenberg eBook of The Gilded Man, by A. F. Bandelier.",
		"review": "I guess in some sense THE EVIL DEAD II is the ultimate horror film...sort of...I guess. Well, what can I say? It does not have much of a plot. It has very little acting, no stars, little continuity, and no logic. But it has action, horror, and black humor in massive doses. Now, THE EVIL DEAD II did have some plot. It was not it's strong suit but it was there. What THE EVIL DEAD boasted most was wit. An attacking corpse would be thrown into the fire",
		"verified": 1
	},
	{
		"username": "ethan",
		"bookname": "The Project Gutenberg eBook of The Gilded Man, by A. F. Bandelier.",
		"review": "The famous jitterbugging scene, which was cut from the film prior to release (presumably because it would have dated the film in a few years), would have stressed this transition even more. The Wicked Witch, before sending her flying monkeys to kidnap Dorothy, says that she will send something before them, to take the fight out of [Dorothy].",
		"verified": 1
	},
	{
		"username": "jessica",
		"bookname": "The Project Gutenberg eBook of The Gilded Man, by A. F. Bandelier.",
		"review": "As was stated before, her three companions represent the three aspects of her person. The Scarecrow is the embodiment of Dorothy's realization that she must develop and use her intellectual abilities to a much greater extent as an adult that she needed to as a child. The Tin Man represents Dorothy's emotional growth.",
		"verified": 1
	},
	{
		"username": "liam",
		"bookname": "The Project Gutenberg eBook of The Gilded Man, by A. F. Bandelier.",
		"review": " The ruby slippers which are forced upon her are obviously a symbol of menstruation, particularly since the slippers in Baum's book were silver. And the menace of the witch in the cyclone is emphasized by the use of the broom, an obvious phallic symbol. Dorothy has reached an age where womanhood and its consequences are frightening, and her dreams reflect this",
		"verified": 1
	},
	{
		"username": "khaled",
		"bookname": "The Project Gutenberg eBook of The Gilded Man, by A. F. Bandelier.",
		"review": "The characters that Dorothy meets in her dream (which is, in turn, her reality) are symbolic characters, and her journey represents a rite of passage to adulthood. Her three companions, for example, represent the three facets of her person: intellectual, emotional, and spiritual. Throughout the film we see fertility symbols which represent her transition from child to woman. Although Baum's Dorothy was only six years old, it is evident that Fleming's Dorothy is twelve or thirteen.",
		"verified": 1
	},
	{
		"username": "aya",
		"bookname": "The Project Gutenberg eBook of The Gilded Man, by A. F. Bandelier.",
		"review": "Barry Levinson is quite a good director with films to his name like CATHOLICS, AND JUSTICE FOR ALL, DINER, and THE NATURAL. His latest film, which he wrote and directed, is TIN MEN, a new comedy from Touchstone Films, who seem to be able to turn out a film really worth seeing every month or so.",
		"verified": 1
	},
	
	
	
	
	{
		"username": "rawan",
		"bookname": "The Project Gutenberg eBook of Frank Hunter's Peril, by Horatio Alger, Jr.",
		"review": "With the exception of Bobby's family and girlfriend, the other characters are caricatures of actors, producers, and hog dog vendors, but these caricatures are not presented in a mean-spirited way. You are left with the feeling that Townsend is spoofing the stereotypes, not poking fun at the people associated with the stereotypes.",
		"verified": 1
	},
	{
		"username": "david",
		"bookname": "The Project Gutenberg eBook of Frank Hunter's Peril, by Horatio Alger, Jr.",
		"review": "The best scenes in HOLLYWOOD SHUFFLE take place in Bobby's mind, as he daydreams and images the consequences of his actions. The tone of these scenes ranges from a dry Pythonisque humor to absurd visual humor that would be at home in one of the Airplane movies.",
		"verified": 1
	},
	{
		"username": "jacob",
		"bookname": "The Project Gutenberg eBook of Frank Hunter's Peril, by Horatio Alger, Jr.",
		"review": "ownsend also stars as Bobby, a struggling young black actor who works part-time at the local Winky Dinky Dog hot dog stand. Bobby is trying out for his first movie role playing a street hood named Jivetime Jimmy. Unfortunately while Bobby hopes this part will put him on the road to stardom, he also feels the role is so absurdly unrealistic in its portrayal of blacks that to take the part would be selling out his integrity.",
		"verified": 1
	},
	{
		"username": "emily",
		"bookname": "The Project Gutenberg eBook of Frank Hunter's Peril, by Horatio Alger, Jr.",
		"review": "going to make the connection if their two detectives disappear during their visit? Fire-fights break out in the most unlikely places. The kidnapping of Glover's daughter makes sense, and she does act as I imagine any average 16-year-old girl would when faced by such a dilemma -- she gets hysterical; but by the end it's almost a pastiche of the Helpless Female role. And nothing, absolutely nothing,",
		"verified": 1
	},
	{
		"username": "noah",
		"bookname": "The Project Gutenberg eBook of Frank Hunter's Peril, by Horatio Alger, Jr.",
		"review": "On the other hand, there's the plot. It may not be as inept or as improbable as COBRA or INVASION: USA, but the rest of the film is good enough to make the accompanying story jarring in comparison. Ridiculous plot element is heaped on to ridiculous plot element: the two cops are invited up to a Beverly Hills home of one of the key figures in the drug organization, where an assassination attempt is made;",
		"verified": 1
	},
	{
		"username": "jack",
		"bookname": "The Project Gutenberg eBook of Frank Hunter's Peril, by Horatio Alger, Jr.",
		"review": "With almost anyone else playing the main roles, this would have been a major failure; but Glover and Gibson begin a relationship that somehow transcends the dialogue they've been given (or at least transmutes it into something believable). They form a symbiosis that the movie was no doubt shooting for -- Glover (and family) providing Gibson with something to care about, and an emotional base after the death of his wife, and Gibson ",
		"verified": 1
	},
	{
		"username": "james",
		"bookname": "The Project Gutenberg eBook of Frank Hunter's Peril, by Horatio Alger, Jr.",
		"review": "DON'T FIND BABIES OR PEOPLE WITH THICK SW ACCENTS AMUSING: Gosh, I'm not one of those people you see in the Magic Mushrooms commercials, but I have to admit that the lil' tykes in this flick are just Gosh-Darned cute. And I do find those accents amusing. I'm from Iowa, and no one ever saw fit to give ME an accent. Well, nobody ever said life was going to be fair.",
		"verified": 1
	},
	{
		"username": "ethan",
		"bookname": "The Project Gutenberg eBook of Frank Hunter's Peril, by Horatio Alger, Jr.",
		"review": "Alright, new approach: I liked RAISING ARIZONA. Laughed throughout it. Wanted to write down quotes from it (this film has enough for three movie quizzes in it). Absolutely the best zany film to come along in two years, and the finest slapstick I've seen since THE GODS MUST BE CRAZY. But I came out realizing that I knew a lot of people who weren't going to like this. ",
		"verified": 1
	},
	{
		"username": "elias",
		"bookname": "The Project Gutenberg eBook of Frank Hunter's Peril, by Horatio Alger, Jr.",
		"review": "The film grinds up biker movies, the prison system, other people's kids, the parents of other people's kids, and just about anything else that gets in its path. The film is fast and it's funny. And it's not like most of the other comedies out there. Rate this one a +2 on the -4 to +4 scale.",
		"verified": 1
	},
	{
		"username": "marinda",
		"bookname": "The Project Gutenberg eBook of Frank Hunter's Peril, by Horatio Alger, Jr.",
		"review": "I think while he was making this film, the cameraman must have lived on black coffee and motion-sickness pills. In fact, the same might be true of most of the major actors. The Coens have a way of telling a story that is fast and staccato. The camera moves in fast, jerky motions, making the viewer feel as manic as the characters.",
		"verified": 1
	},
	{
		"username": "ramez",
		"bookname": "The Project Gutenberg eBook of Contemporary Composers, by Daniel Gregory Mason.",
		"review": "The main character of MAN FACING SOUTHEAST is a psychiatrist in an insane asylum. Dr. Denis is disturbed by his inability to really help his patients and by the asylum's callous and factory-like treatment of patients. One patient's fantasy, incidentally, is an uncredited enactment of the painting The Lovers by Magritte. But a new patient appears at the asylum one day, committing himself. It is Rantes's apparent delusion that he is an extra-terrestrial sent to Earth on a mission. He commits himself voluntarily because he knows society would only commit him more forcibly if he did not.",
		"verified": 1
	},
	{
		"username": "elias",
		"bookname": "The Project Gutenberg eBook of Contemporary Composers, by Daniel Gregory Mason.",
		"review": "The story is moderately peculiar, to begin with. A lower class Arizona couple discover that they can't have a baby. Adoption is out, as the husband is a five or six time loser, specializing in robbing convenience stores with an unloaded gun. When they hear of the birth of a set of quintuplets, they set out to steal one of them for their own. Raising Arizona just starts from here, throwing in vast numbers of complicating factors and extraneous vignettesvignettes",
		"verified": 1
	},
	{
		"username": "rawan",
		"bookname": "The Project Gutenberg eBook of Contemporary Composers, by Daniel Gregory Mason.",
		"review": "I was a big fan of Joel and Ethan Coen's first film, Blood Simple. I'm not sure if it's accurate to say that their new film, Raising Arizona, is precisely a disappointment, but it certainly isn't at all what I expected, and I didn't really like it. Raising Arizona is such a peculiar movie that I find it difficult to analyze my own feelings about it. In some sense, that itself is a sort of recommendation, since I'm a believer in trying to have unusual film experiences, but I can't help but come back to the fact that I didn't really like it",
		"verified": 1
	},
	{
		"username": "jack",
		"bookname": "The Project Gutenberg eBook of Contemporary Composers, by Daniel Gregory Mason.",
		"review": "The actors of this piece were, I think, chosen for the terrorized looks they could get on their faces and for how ghoulish they could make themselves look. The script is incredibly contrived, including such touches as having a bridge that would have cost in the millions that leads to nowhere but a shack in the woods. I didn't think boondoggles got that big",
		"verified": 1
	},
	{
		"username": "noah",
		"bookname": "The Project Gutenberg eBook of Contemporary Composers, by Daniel Gregory Mason.",
		"review": "The plot is that some professor of some sort has translated the Necronomicon (of H. P. Lovecraft fame). He recorded an incantation on tape and now whenever anyone plays the tape it's Anything-Can-Happen-Day. A young couple find the cabin and think it might be an ideal trysting place. Most of one of them is left the next night when the professor's daughter shows up with a friend and two rather strange locals",
		"verified": 1
	},
	{
		"username": "jimmy",
		"bookname": "The Project Gutenberg eBook of Contemporary Composers, by Daniel Gregory Mason.",
		"review": "I guess in some sense THE EVIL DEAD II is the ultimate horror film...sort of...I guess. Well, what can I say? It does not have much of a plot. It has very little acting, no stars, little continuity, and no logic. But it has action, horror, and black humor in massive doses. Now, THE EVIL DEAD II did have some plot. It was not it's strong suit but it was there. What THE EVIL DEAD boasted most was wit. An attacking corpse would be thrown into the fire",
		"verified": 1
	},
	{
		"username": "ethan",
		"bookname": "The Project Gutenberg eBook of Contemporary Composers, by Daniel Gregory Mason.",
		"review": "The famous jitterbugging scene, which was cut from the film prior to release (presumably because it would have dated the film in a few years), would have stressed this transition even more. The Wicked Witch, before sending her flying monkeys to kidnap Dorothy, says that she will send something before them, to take the fight out of [Dorothy].",
		"verified": 1
	},
	{
		"username": "jessica",
		"bookname": "The Project Gutenberg eBook of Contemporary Composers, by Daniel Gregory Mason.",
		"review": "As was stated before, her three companions represent the three aspects of her person. The Scarecrow is the embodiment of Dorothy's realization that she must develop and use her intellectual abilities to a much greater extent as an adult that she needed to as a child. The Tin Man represents Dorothy's emotional growth.",
		"verified": 1
	},
	{
		"username": "liam",
		"bookname": "The Project Gutenberg eBook of Contemporary Composers, by Daniel Gregory Mason.",
		"review": " The ruby slippers which are forced upon her are obviously a symbol of menstruation, particularly since the slippers in Baum's book were silver. And the menace of the witch in the cyclone is emphasized by the use of the broom, an obvious phallic symbol. Dorothy has reached an age where womanhood and its consequences are frightening, and her dreams reflect this",
		"verified": 1
	},
	{
		"username": "khaled",
		"bookname": "The Project Gutenberg eBook of Contemporary Composers, by Daniel Gregory Mason.",
		"review": "The characters that Dorothy meets in her dream (which is, in turn, her reality) are symbolic characters, and her journey represents a rite of passage to adulthood. Her three companions, for example, represent the three facets of her person: intellectual, emotional, and spiritual. Throughout the film we see fertility symbols which represent her transition from child to woman. Although Baum's Dorothy was only six years old, it is evident that Fleming's Dorothy is twelve or thirteen.",
		"verified": 1
	},
	
	
	
	
	
	
		{
		"username": "noah",
		"bookname": "Distributed Proofreader's Canada eBook of Two Little Women and Treasure House",
		"review": "The characters that Dorothy meets in her dream (which is, in turn, her reality) are symbolic characters, and her journey represents a rite of passage to adulthood. Her three companions, for example, represent the three facets of her person: intellectual, emotional, and spiritual. Throughout the film we see fertility symbols which represent her transition from child to woman. Although Baum's Dorothy was only six years old, it is evident that Fleming's Dorothy is twelve or thirteen.",
		"verified": 1
	},
	{
		"username": "conan",
		"bookname": "Distributed Proofreader's Canada eBook of Two Little Women and Treasure House",
		"review": "The ruby slippers which are forced upon her are obviously a symbol of menstruation, particularly since the slippers in Baum's book were silver. And the menace of the witch in the cyclone is emphasized by the use of the broom, an obvious phallic symbol. Dorothy has reached an age where womanhood and its consequences are frightening, and her dreams reflect this",
		"verified": 1
	},
	{
		"username": "jimmy",
		"bookname": "Distributed Proofreader's Canada eBook of Two Little Women and Treasure House",
		"review": "idea of having ex-CIA men going BAD and smuggling drugs is not a new one, but it's used well in this film and provides some interesting interplay between the good guys and the bad guys. The action scenes are, on the whole, extremely well executed; I was on the edge of my seat for most of the movie.In short, this film is a must see for anyone at all interested in the present rage of killer-cop and angry soldier movies this Spring (and also for those who aren't interested but like action). Credit is also due to Gary Busey who turns in a fine performance as a psychopathic Vietnam vet (he's good at playing crazies) and to Tom Atkins as Glover's old war buddy whose daughter stars in one of the most stimulating opening scenes I have ever seen.",
		"verified": 1
	},
	{
		"username": "james",
		"bookname": "Distributed Proofreader's Canada eBook of Two Little Women and Treasure House",
		"review": "Harry Angel (played by Mickey Rourke) is a hard-boiled private eye in the Philip Marlowe tradition. He is a little crude, a little rude, and occasionally a little bit dense. His client is Louis Cyphre (played by Robert DeNiro), a recluse with a silver cane, pointed fingernails, and, like a cipher, is something of a mystery to be solved. Cyphre hires Angel to track down Johnny Favorite, a singer who disappeared twelve years earlier in 1943. Angel follows a trail that has been cold for twelve years through Harlem, Poughkeepsie, Coney Island, and soon to New Orleans. The trail will lead from drug addicts to evangelists to voodoo worshipers. Harry will trigger a series of murders of friends of Favorite and will become the prime suspect in some of these murders before he discovers the secret of the disappearance of Favorite.",
		"verified": 1
	},
	{
		"username": "ethan",
		"bookname": "Distributed Proofreader's Canada eBook of Two Little Women and Treasure House",
		"review": "You want a thriller with lots of mindless action, no logic, and a bunch of fractional-dimensional characters. Cable this month is running what passes for entertainment in some quarters. The film is THE HITCHER and as a friend of mine would say, it sucks pond water. Actually I think this one could turn back a raging river.Our main character--I don't think we ever get his name so I will call him Poor Schnook--is a teenager driving a car from Chicago to San Diego by way of nearly empty Texas roads. Schnook picks up a psychotic killer played by Rutger Hauer, who adds one more implacable killer to his list of roles. Hauer had better start being more selective in his roles or he will lose the aura he had from SOLDIER OF ORANGE and BLADERUNNER. From the point he gets picked ",
		"verified": 1
	},
	{
		"username": "liam",
		"bookname": "Distributed Proofreader's Canada eBook of Two Little Women and Treasure House",
		"review": "up, Hauer does everything right. He is always in just the right place at the right instant. It is not long before the police think Poor Schnook is the killer and these are not your ordinary police. They have intelligence roughly equivalent to protozoa. In a scene we see only the aftermath of, Hauer has wiped out an entire police station with apparently no more than a knife. In one carefully choreographed scene, with one bullet Hauer knocks out one police helicopter and two police cars whose occupants somehow missed seeing the slowly dropping helicopter fall. The more destruction there is, the more the police want to kill Poor Schnook and the less interested they are in hearing his claims that someone else is responsible.",
		"verified": 1
	},
	{
		"username": "sam",
		"bookname": "Distributed Proofreader's Canada eBook of Two Little Women and Treasure House",
		"review": "During the course of their relationship we are introduced to Bruce's homosexual roommate/lover Bob, Bob'stheatrical mother, Bruce's psychoanalyst, and Prudence's psychoanalyst. A series of bizarre coincidences puts these six people on a collision course with the hilarious climax.BEYOND THERAPY builds momentum slowly. The first 45 minutes, during which the relationships between the main characters are reveled and expanded, are slow sometimes to the point of being tedious. About half of the people in the audience walked out during this part of the film.",
		"verified": 1
	},
	{
		"username": "maya",
		"bookname": "Distributed Proofreader's Canada eBook of Two Little Women and Treasure House",
		"review": "Well, so much for HANNAH -- I babbled glowingly about that last year, and once is enough. I didn't like RADIO DAYS as well, but then, I didn't like anything I saw last year as much as HANNAH, so I guess that's not much of a criticism. Good. RADIO DAYS isn't as easily likable as HANNAH, and it's not going to win the audiences HANNAH did -- but it's as finely crafted (perhaps more so), and satisfying in different ways. While HANNAH celebrates friends and families as an adult, RADIO DAYS is a tribute to nostalgia: nostalgia of the family, nostalgia of the world.",
		"verified": 1
	},
	{
		"username": "david",
		"bookname": "Distributed Proofreader's Canada eBook of Two Little Women and Treasure House",
		"review": "When my folks lived in DC during the early 70s, several radio stations were playing old shows every night. My parents hold the same affection for the radio they grew up with (Sky King, I Love a Mystery, The Lone Ranger) as I had for the TV I grew up with (Thunderbirds, StingRay, UFO); they managed to pass that on to me, and I spent a year listening to radio more than I watched TV (I was just past 10 at the time). The Lone Ranger was a favorite -- I always loved how, as LR and Tonto were riding off, some schmoe would step in",
		"verified": 1
	},
	{
		"username": "messi",
		"bookname": "Distributed Proofreader's Canada eBook of Two Little Women and Treasure House",
		"review": "t's funny, in retrospect, that Orson Welles name comes up so often in the dialogue of RADIO DAYS. Allen could almost be the Welles of the 80s -- he makes personal, quality films under his complete control, using a small repertory group of actors over and over again (note Tony Roberts is in this one, also -- he seems to be Allen's Talisman, at time. Oh well, whatever works...). A Mercury Theater for the movies. One wonders if he sees the similarities, too. Anyway, Allen continues to produce his yearly snowflake, different from the previous film, and the next film, but with features of both. I hope he goes on making them for a long, long time.",
		"verified": 1
	},
	
	
	
	
	
	
	{
		"username": "jack",
		"bookname": "The Project Gutenberg eBook of Head of the Lower School, by Dorothea Moore",
		"review": "The famous jitterbugging scene, which was cut from the film prior to release (presumably because it would have dated the film in a few years), would have stressed this transition even more. The Wicked Witch, before sending her flying monkeys to kidnap Dorothy, says that she will send something before them, to take the fight out of [Dorothy].",
		"verified": 1
	},
	{
		"username": "jessica",
		"bookname": "The Project Gutenberg eBook of Head of the Lower School, by Dorothea Moore",
		"review": "As was stated before, her three companions represent the three aspects of her person. The Scarecrow is the embodiment of Dorothy's realization that she must develop and use her intellectual abilities to a much greater extent as an adult that she needed to as a child. The Tin Man represents Dorothy's emotional growth.",
		"verified": 1
	},
	{
		"username": "emily",
		"bookname": "The Project Gutenberg eBook of Head of the Lower School, by Dorothea Moore",
		"review": " The ruby slippers which are forced upon her are obviously a symbol of menstruation, particularly since the slippers in Baum's book were silver. And the menace of the witch in the cyclone is emphasized by the use of the broom, an obvious phallic symbol. Dorothy has reached an age where womanhood and its consequences are frightening, and her dreams reflect this",
		"verified": 1
	},
	{
		"username": "khaled",
		"bookname": "The Project Gutenberg eBook of Head of the Lower School, by Dorothea Moore",
		"review": "The characters that Dorothy meets in her dream (which is, in turn, her reality) are symbolic characters, and her journey represents a rite of passage to adulthood. Her three companions, for example, represent the three facets of her person: intellectual, emotional, and spiritual. Throughout the film we see fertility symbols which represent her transition from child to woman. Although Baum's Dorothy was only six years old, it is evident that Fleming's Dorothy is twelve or thirteen.",
		"verified": 1
	},	
	{
		"username": "conan",
		"bookname": "The Project Gutenberg eBook of Head of the Lower School, by Dorothea Moore",
		"review": "fiftieth birthday. The idea of pairing two opposites is by no means a new one, especially in police stories, but Donner pulls it off well. Both characters are basically likable. Neither pull a lot of comedic one-liners or fit any stereotypical cop roles. Murtholdt (sp.?), Glover's character has a kind of presence simply due to his stature coupled with his natural soft-spoken style. Gibson's character is so interesting because we never know for sure whether or not he is as insane as Glover as well as the police psychologist seem to believe. He certainly does well as a killing machine, claiming that killing is the only thing he could ever do well.As a thriller, the movie is nearly flawless. There are few slow scenes (one in a firing range where the two are discussing a case seemed to drag a bit)/",
		"verified": 1
	},
	{
		"username": "jimmy",
		"bookname": "The Project Gutenberg eBook of Head of the Lower School, by Dorothea Moore",
		"review": "idea of having ex-CIA men going BAD and smuggling drugs is not a new one, but it's used well in this film and provides some interesting interplay between the good guys and the bad guys. The action scenes are, on the whole, extremely well executed; I was on the edge of my seat for most of the movie.In short, this film is a must see for anyone at all interested in the present rage of killer-cop and angry soldier movies this Spring (and also for those who aren't interested but like action). Credit is also due to Gary Busey who turns in a fine performance as a psychopathic Vietnam vet (he's good at playing crazies) and to Tom Atkins as Glover's old war buddy whose daughter stars in one of the most stimulating opening scenes I have ever seen.",
		"verified": 1
	},
	{
		"username": "james",
		"bookname": "The Project Gutenberg eBook of Head of the Lower School, by Dorothea Moore",
		"review": "Harry Angel (played by Mickey Rourke) is a hard-boiled private eye in the Philip Marlowe tradition. He is a little crude, a little rude, and occasionally a little bit dense. His client is Louis Cyphre (played by Robert DeNiro), a recluse with a silver cane, pointed fingernails, and, like a cipher, is something of a mystery to be solved. Cyphre hires Angel to track down Johnny Favorite, a singer who disappeared twelve years earlier in 1943. Angel follows a trail that has been cold for twelve years through Harlem, Poughkeepsie, Coney Island, and soon to New Orleans. The trail will lead from drug addicts to evangelists to voodoo worshipers. Harry will trigger a series of murders of friends of Favorite and will become the prime suspect in some of these murders before he discovers the secret of the disappearance of Favorite.",
		"verified": 1
	},
	{
		"username": "ethan",
		"bookname": "The Project Gutenberg eBook of Head of the Lower School, by Dorothea Moore",
		"review": "You want a thriller with lots of mindless action, no logic, and a bunch of fractional-dimensional characters. Cable this month is running what passes for entertainment in some quarters. The film is THE HITCHER and as a friend of mine would say, it sucks pond water. Actually I think this one could turn back a raging river.Our main character--I don't think we ever get his name so I will call him Poor Schnook--is a teenager driving a car from Chicago to San Diego by way of nearly empty Texas roads. Schnook picks up a psychotic killer played by Rutger Hauer, who adds one more implacable killer to his list of roles. Hauer had better start being more selective in his roles or he will lose the aura he had from SOLDIER OF ORANGE and BLADERUNNER. From the point he gets picked ",
		"verified": 1
	},
	{
		"username": "liam",
		"bookname": "The Project Gutenberg eBook of Head of the Lower School, by Dorothea Moore",
		"review": "up, Hauer does everything right. He is always in just the right place at the right instant. It is not long before the police think Poor Schnook is the killer and these are not your ordinary police. They have intelligence roughly equivalent to protozoa. In a scene we see only the aftermath of, Hauer has wiped out an entire police station with apparently no more than a knife. In one carefully choreographed scene, with one bullet Hauer knocks out one police helicopter and two police cars whose occupants somehow missed seeing the slowly dropping helicopter fall. The more destruction there is, the more the police want to kill Poor Schnook and the less interested they are in hearing his claims that someone else is responsible.",
		"verified": 1
	},
	{
		"username": "sam",
		"bookname": "The Project Gutenberg eBook of Head of the Lower School, by Dorothea Moore",
		"review": "During the course of their relationship we are introduced to Bruce's homosexual roommate/lover Bob, Bob'stheatrical mother, Bruce's psychoanalyst, and Prudence's psychoanalyst. A series of bizarre coincidences puts these six people on a collision course with the hilarious climax.BEYOND THERAPY builds momentum slowly. The first 45 minutes, during which the relationships between the main characters are reveled and expanded, are slow sometimes to the point of being tedious. About half of the people in the audience walked out during this part of the film.",
		"verified": 1
	},
	
	
	
	
	
	

	{
		"username": "liam",
		"bookname": "Distributed Proofreader's Canada eBook of Patty in the City",
		"review": " The ruby slippers which are forced upon her are obviously a symbol of menstruation, particularly since the slippers in Baum's book were silver. And the menace of the witch in the cyclone is emphasized by the use of the broom, an obvious phallic symbol. Dorothy has reached an age where womanhood and its consequences are frightening, and her dreams reflect this",
		"verified": 1
	},
	{
		"username": "khaled",
		"bookname": "Distributed Proofreader's Canada eBook of Patty in the City",
		"review": "The characters that Dorothy meets in her dream (which is, in turn, her reality) are symbolic characters, and her journey represents a rite of passage to adulthood. Her three companions, for example, represent the three facets of her person: intellectual, emotional, and spiritual. Throughout the film we see fertility symbols which represent her transition from child to woman. Although Baum's Dorothy was only six years old, it is evident that Fleming's Dorothy is twelve or thirteen.",
		"verified": 1
	},
	{
		"username": "aya",
		"bookname": "Distributed Proofreader's Canada eBook of Patty in the City",
		"review": "Barry Levinson is quite a good director with films to his name like CATHOLICS, AND JUSTICE FOR ALL, DINER, and THE NATURAL. His latest film, which he wrote and directed, is TIN MEN, a new comedy from Touchstone Films, who seem to be able to turn out a film really worth seeing every month or so.",
		"verified": 1
	},
	{
		"username": "rawan",
		"bookname": "Distributed Proofreader's Canada eBook of Patty in the City",
		"review": "With the exception of Bobby's family and girlfriend, the other characters are caricatures of actors, producers, and hog dog vendors, but these caricatures are not presented in a mean-spirited way. You are left with the feeling that Townsend is spoofing the stereotypes, not poking fun at the people associated with the stereotypes.",
		"verified": 1
	},
	{
		"username": "david",
		"bookname": "Distributed Proofreader's Canada eBook of Patty in the City",
		"review": "The best scenes in HOLLYWOOD SHUFFLE take place in Bobby's mind, as he daydreams and images the consequences of his actions. The tone of these scenes ranges from a dry Pythonisque humor to absurd visual humor that would be at home in one of the Airplane movies.",
		"verified": 1
	},
	{
		"username": "jacob",
		"bookname": "Distributed Proofreader's Canada eBook of Patty in the City",
		"review": "ownsend also stars as Bobby, a struggling young black actor who works part-time at the local Winky Dinky Dog hot dog stand. Bobby is trying out for his first movie role playing a street hood named Jivetime Jimmy. Unfortunately while Bobby hopes this part will put him on the road to stardom, he also feels the role is so absurdly unrealistic in its portrayal of blacks that to take the part would be selling out his integrity.",
		"verified": 1
	},
	{
		"username": "emily",
		"bookname": "Distributed Proofreader's Canada eBook of Patty in the City",
		"review": "going to make the connection if their two detectives disappear during their visit? Fire-fights break out in the most unlikely places. The kidnapping of Glover's daughter makes sense, and she does act as I imagine any average 16-year-old girl would when faced by such a dilemma -- she gets hysterical; but by the end it's almost a pastiche of the Helpless Female role. And nothing, absolutely nothing,",
		"verified": 1
	},
	{
		"username": "noah",
		"bookname": "Distributed Proofreader's Canada eBook of Patty in the City",
		"review": "On the other hand, there's the plot. It may not be as inept or as improbable as COBRA or INVASION: USA, but the rest of the film is good enough to make the accompanying story jarring in comparison. Ridiculous plot element is heaped on to ridiculous plot element: the two cops are invited up to a Beverly Hills home of one of the key figures in the drug organization, where an assassination attempt is made;",
		"verified": 1
	},
	{
		"username": "jack",
		"bookname": "Distributed Proofreader's Canada eBook of Patty in the City",
		"review": "With almost anyone else playing the main roles, this would have been a major failure; but Glover and Gibson begin a relationship that somehow transcends the dialogue they've been given (or at least transmutes it into something believable). They form a symbiosis that the movie was no doubt shooting for -- Glover (and family) providing Gibson with something to care about, and an emotional base after the death of his wife, and Gibson ",
		"verified": 1
	},
	{
		"username": "james",
		"bookname": "Distributed Proofreader's Canada eBook of Patty in the City",
		"review": "DON'T FIND BABIES OR PEOPLE WITH THICK SW ACCENTS AMUSING: Gosh, I'm not one of those people you see in the Magic Mushrooms commercials, but I have to admit that the lil' tykes in this flick are just Gosh-Darned cute. And I do find those accents amusing. I'm from Iowa, and no one ever saw fit to give ME an accent. Well, nobody ever said life was going to be fair.",
		"verified": 1
	},
	
	
	
	
	
	
	
	{
		"username": "conan",
		"bookname": "The Distributed Proofreaders Canada eBook of The Canadian Horticulturist Vol. I, No. 0 (Index and Compendium) by D.W. Beadle (ed.)",
		"review": "fiftieth birthday. The idea of pairing two opposites is by no means a new one, especially in police stories, but Donner pulls it off well. Both characters are basically likable. Neither pull a lot of comedic one-liners or fit any stereotypical cop roles. Murtholdt (sp.?), Glover's character has a kind of presence simply due to his stature coupled with his natural soft-spoken style. Gibson's character is so interesting because we never know for sure whether or not he is as insane as Glover as well as the police psychologist seem to believe. He certainly does well as a killing machine, claiming that killing is the only thing he could ever do well.As a thriller, the movie is nearly flawless. There are few slow scenes (one in a firing range where the two are discussing a case seemed to drag a bit)/",
		"verified": 1
	},
	{
		"username": "jimmy",
		"bookname": "The Distributed Proofreaders Canada eBook of The Canadian Horticulturist Vol. I, No. 0 (Index and Compendium) by D.W. Beadle (ed.)",
		"review": "idea of having ex-CIA men going BAD and smuggling drugs is not a new one, but it's used well in this film and provides some interesting interplay between the good guys and the bad guys. The action scenes are, on the whole, extremely well executed; I was on the edge of my seat for most of the movie.In short, this film is a must see for anyone at all interested in the present rage of killer-cop and angry soldier movies this Spring (and also for those who aren't interested but like action). Credit is also due to Gary Busey who turns in a fine performance as a psychopathic Vietnam vet (he's good at playing crazies) and to Tom Atkins as Glover's old war buddy whose daughter stars in one of the most stimulating opening scenes I have ever seen.",
		"verified": 1
	},
	{
		"username": "james",
		"bookname": "The Distributed Proofreaders Canada eBook of The Canadian Horticulturist Vol. I, No. 0 (Index and Compendium) by D.W. Beadle (ed.)",
		"review": "Harry Angel (played by Mickey Rourke) is a hard-boiled private eye in the Philip Marlowe tradition. He is a little crude, a little rude, and occasionally a little bit dense. His client is Louis Cyphre (played by Robert DeNiro), a recluse with a silver cane, pointed fingernails, and, like a cipher, is something of a mystery to be solved. Cyphre hires Angel to track down Johnny Favorite, a singer who disappeared twelve years earlier in 1943. Angel follows a trail that has been cold for twelve years through Harlem, Poughkeepsie, Coney Island, and soon to New Orleans. The trail will lead from drug addicts to evangelists to voodoo worshipers. Harry will trigger a series of murders of friends of Favorite and will become the prime suspect in some of these murders before he discovers the secret of the disappearance of Favorite.",
		"verified": 1
	},
	{
		"username": "ethan",
		"bookname": "The Distributed Proofreaders Canada eBook of The Canadian Horticulturist Vol. I, No. 0 (Index and Compendium) by D.W. Beadle (ed.)",
		"review": "You want a thriller with lots of mindless action, no logic, and a bunch of fractional-dimensional characters. Cable this month is running what passes for entertainment in some quarters. The film is THE HITCHER and as a friend of mine would say, it sucks pond water. Actually I think this one could turn back a raging river.Our main character--I don't think we ever get his name so I will call him Poor Schnook--is a teenager driving a car from Chicago to San Diego by way of nearly empty Texas roads. Schnook picks up a psychotic killer played by Rutger Hauer, who adds one more implacable killer to his list of roles. Hauer had better start being more selective in his roles or he will lose the aura he had from SOLDIER OF ORANGE and BLADERUNNER. From the point he gets picked ",
		"verified": 1
	},
	{
		"username": "emily",
		"bookname": "The Distributed Proofreaders Canada eBook of The Canadian Horticulturist Vol. I, No. 0 (Index and Compendium) by D.W. Beadle (ed.)",
		"review": "up, Hauer does everything right. He is always in just the right place at the right instant. It is not long before the police think Poor Schnook is the killer and these are not your ordinary police. They have intelligence roughly equivalent to protozoa. In a scene we see only the aftermath of, Hauer has wiped out an entire police station with apparently no more than a knife. In one carefully choreographed scene, with one bullet Hauer knocks out one police helicopter and two police cars whose occupants somehow missed seeing the slowly dropping helicopter fall. The more destruction there is, the more the police want to kill Poor Schnook and the less interested they are in hearing his claims that someone else is responsible.",
		"verified": 1
	},
	{
		"username": "sam",
		"bookname": "The Distributed Proofreaders Canada eBook of The Canadian Horticulturist Vol. I, No. 0 (Index and Compendium) by D.W. Beadle (ed.)",
		"review": "During the course of their relationship we are introduced to Bruce's homosexual roommate/lover Bob, Bob'stheatrical mother, Bruce's psychoanalyst, and Prudence's psychoanalyst. A series of bizarre coincidences puts these six people on a collision course with the hilarious climax.BEYOND THERAPY builds momentum slowly. The first 45 minutes, during which the relationships between the main characters are reveled and expanded, are slow sometimes to the point of being tedious. About half of the people in the audience walked out during this part of the film.",
		"verified": 1
	},
	{
		"username": "liam",
		"bookname": "The Distributed Proofreaders Canada eBook of The Canadian Horticulturist Vol. I, No. 0 (Index and Compendium) by D.W. Beadle (ed.)",
		"review": " The ruby slippers which are forced upon her are obviously a symbol of menstruation, particularly since the slippers in Baum's book were silver. And the menace of the witch in the cyclone is emphasized by the use of the broom, an obvious phallic symbol. Dorothy has reached an age where womanhood and its consequences are frightening, and her dreams reflect this",
		"verified": 1
	},
	{
		"username": "khaled",
		"bookname": "The Distributed Proofreaders Canada eBook of The Canadian Horticulturist Vol. I, No. 0 (Index and Compendium) by D.W. Beadle (ed.)",
		"review": "The characters that Dorothy meets in her dream (which is, in turn, her reality) are symbolic characters, and her journey represents a rite of passage to adulthood. Her three companions, for example, represent the three facets of her person: intellectual, emotional, and spiritual. Throughout the film we see fertility symbols which represent her transition from child to woman. Although Baum's Dorothy was only six years old, it is evident that Fleming's Dorothy is twelve or thirteen.",
		"verified": 1
	},
	{
		"username": "aya",
		"bookname": "The Distributed Proofreaders Canada eBook of The Canadian Horticulturist Vol. I, No. 0 (Index and Compendium) by D.W. Beadle (ed.)",
		"review": "Barry Levinson is quite a good director with films to his name like CATHOLICS, AND JUSTICE FOR ALL, DINER, and THE NATURAL. His latest film, which he wrote and directed, is TIN MEN, a new comedy from Touchstone Films, who seem to be able to turn out a film really worth seeing every month or so.",
		"verified": 1
	},
	{
		"username": "rawan",
		"bookname": "The Distributed Proofreaders Canada eBook of The Canadian Horticulturist Vol. I, No. 0 (Index and Compendium) by D.W. Beadle (ed.)",
		"review": "With the exception of Bobby's family and girlfriend, the other characters are caricatures of actors, producers, and hog dog vendors, but these caricatures are not presented in a mean-spirited way. You are left with the feeling that Townsend is spoofing the stereotypes, not poking fun at the people associated with the stereotypes.",
		"verified": 1
	},
	
	
	
	
	
	
	
	
	
	{
		"username": "aya",
		"bookname": "A Project Gutenberg eBook_ Legends of Fire Island Beach and the South Side, by Edward Richard Shaw",
		"review": "As a thriller, the movie is nearly flawless. There are few slow scenes (one in a firing range where the two are discussing a case seemed to drag a bit). The plot is interesting and not as predictable as some reviewers have claimed. True, the idea of having ex-CIA men going BAD and smuggling drugs is not a new one, but it's used well in this film and provides some interesting interplay between the good guys and the bad guys. The action scenes are, on the whole, extremely well executed; I was on the edge of my seat for most of the movie.",
		"verified": 1
	},
	{
		"username": "liam",
		"bookname": "A Project Gutenberg eBook_ Legends of Fire Island Beach and the South Side, by Edward Richard Shaw",
		"review": "I recently gave a fairly negative review to an attempted nightmarish thriller, THE HITCHER. The plot of that is one of a teenager driving cross-country who picks up a psychotic hitchhiker and spends the rest of the movie fighting this creep who always does just the right thing, who has super-human strength, and who apparently has the ability to cloud the minds of officers of the law. Several people commented that they found it a very tense film and one asked me what more I wanted from a thriller. I just saw a film that has some superficial similarities to THE HITCHER but does just about everything right that I thought THE HITCHER did wrong. The film is THE BEDROOM WINDOW and it does right nearly everything that I thought THE HITCHER did wrong.",
		"verified": 1
	},
	{
		"username": "rawan",
		"bookname": "A Project Gutenberg eBook_ Legends of Fire Island Beach and the South Side, by Edward Richard Shaw",
		"review": "Every once in a while, one of the cable stations runs what they call a find. That is, they run a little-known film that got almost no theatrical play but is a good film anyway. Actually, little-known may not be quite accurate, since almost always the cable finds have been previously reviewed--usually favorably--on one or the other of TV's review programs. Well, I guess in the same sense I can claim BELIZAIRE THE CAJUN as a find of sorts. It seems to me that I had heard it recommended but it sounded kind of artsy and dull. The last thing I was expecting was a fun film. It takes about five minutes to get into the southern and Cajun accents and the occasional lapsing into French. (What can I say? I'm slow!) After that I was enjoying the film too much to let any of that get in my way.",
		"verified": 1
	},
	{
		"username": "ramez",
		"bookname": "A Project Gutenberg eBook_ Legends of Fire Island Beach and the South Side, by Edward Richard Shaw",
		"review": "The main character of MAN FACING SOUTHEAST is a psychiatrist in an insane asylum. Dr. Denis is disturbed by his inability to really help his patients and by the asylum's callous and factory-like treatment of patients. One patient's fantasy, incidentally, is an uncredited enactment of the painting The Lovers by Magritte. But a new patient appears at the asylum one day, committing himself. It is Rantes's apparent delusion that he is an extra-terrestrial sent to Earth on a mission. He commits himself voluntarily because he knows society would only commit him more forcibly if he did not.",
		"verified": 1
	},
	{
		"username": "elias",
		"bookname": "A Project Gutenberg eBook_ Legends of Fire Island Beach and the South Side, by Edward Richard Shaw",
		"review": "The story is moderately peculiar, to begin with. A lower class Arizona couple discover that they can't have a baby. Adoption is out, as the husband is a five or six time loser, specializing in robbing convenience stores with an unloaded gun. When they hear of the birth of a set of quintuplets, they set out to steal one of them for their own. Raising Arizona just starts from here, throwing in vast numbers of complicating factors and extraneous vignettesvignettes",
		"verified": 1
	},
	{
		"username": "emily",
		"bookname": "A Project Gutenberg eBook_ Legends of Fire Island Beach and the South Side, by Edward Richard Shaw",
		"review": "I was a big fan of Joel and Ethan Coen's first film, Blood Simple. I'm not sure if it's accurate to say that their new film, Raising Arizona, is precisely a disappointment, but it certainly isn't at all what I expected, and I didn't really like it. Raising Arizona is such a peculiar movie that I find it difficult to analyze my own feelings about it. In some sense, that itself is a sort of recommendation, since I'm a believer in trying to have unusual film experiences, but I can't help but come back to the fact that I didn't really like it",
		"verified": 1
	},
	{
		"username": "jack",
		"bookname": "A Project Gutenberg eBook_ Legends of Fire Island Beach and the South Side, by Edward Richard Shaw",
		"review": "The actors of this piece were, I think, chosen for the terrorized looks they could get on their faces and for how ghoulish they could make themselves look. The script is incredibly contrived, including such touches as having a bridge that would have cost in the millions that leads to nowhere but a shack in the woods. I didn't think boondoggles got that big",
		"verified": 1
	},
	{
		"username": "noah",
		"bookname": "A Project Gutenberg eBook_ Legends of Fire Island Beach and the South Side, by Edward Richard Shaw",
		"review": "The plot is that some professor of some sort has translated the Necronomicon (of H. P. Lovecraft fame). He recorded an incantation on tape and now whenever anyone plays the tape it's Anything-Can-Happen-Day. A young couple find the cabin and think it might be an ideal trysting place. Most of one of them is left the next night when the professor's daughter shows up with a friend and two rather strange locals",
		"verified": 1
	},
	{
		"username": "marinda",
		"bookname": "A Project Gutenberg eBook_ Legends of Fire Island Beach and the South Side, by Edward Richard Shaw",
		"review": "I guess in some sense THE EVIL DEAD II is the ultimate horror film...sort of...I guess. Well, what can I say? It does not have much of a plot. It has very little acting, no stars, little continuity, and no logic. But it has action, horror, and black humor in massive doses. Now, THE EVIL DEAD II did have some plot. It was not it's strong suit but it was there. What THE EVIL DEAD boasted most was wit. An attacking corpse would be thrown into the fire",
		"verified": 1
	},
	{
		"username": "sam",
		"bookname": "A Project Gutenberg eBook_ Legends of Fire Island Beach and the South Side, by Edward Richard Shaw",
		"review": "The famous jitterbugging scene, which was cut from the film prior to release (presumably because it would have dated the film in a few years), would have stressed this transition even more. The Wicked Witch, before sending her flying monkeys to kidnap Dorothy, says that she will send something before them, to take the fight out of [Dorothy].",
		"verified": 1
	}
	
	
	
]