[{
		"username": "jack",
		"email": "jack@gmail.com",
		"address": "16, Yafo Street,94142 JERUSALEM,ISRAEL",
		"telephone": "6575443013",
		"password": "jack123",
		"nickname": "jacky",
		"description": "Hello Im Username jack I Love Reading Books, Because Reading Books is Fun",
		"photo": "User Photos/no-img.png"
	},
	{
		"username": "noah",
		"email": "noah@gmail.com",
		"address": "19, Yafo Street,94342 JERUSALEM,ISRAEL",
		"telephone": "6465753140",
		"password": "noah123",
		"nickname": "noahy",
		"description": "Hello Im Username noah I Love Reading Books, Because Reading Books is Fun",
		"photo": "User Photos/no-img.png"
	},
	{
		"username": "emily",
		"email": "emily@gmail.com",
		"address": "13, Straus Street,92342 Sharon ,ISRAEL",
		"telephone": "6506575441",
		"password": "emily123",
		"nickname": "emilyya",
		"description": "Hello Im Username emily I Love Reading Books, Because Reading Books is Fun",
		"photo": "User Photos/no-img.png"
	},
	{
		"username": "jacob",
		"email": "jacob@gmail.com",
		"address": "23, HaPalmach Street,91342 Haifa ,ISRAEL",
		"telephone": "6506578413",
		"password": "jacob123",
		"nickname": "jacobaa",
		"description": "Hello Im Username jacob I Love Reading Books, Because Reading Books is Fun",
		"photo": "User Photos/no-img.png"
	},
	{
		"username": "david",
		"email": "david@gmail.com",
		"address": "16, HaPalmach Street,91342 Haifa ,ISRAEL",
		"telephone": "6506577414",
		"password": "david123",
		"nickname": "davidee",
		"description": "Hello Im Username david I Love Reading Books, Because Reading Books is Fun",
		"photo": "User Photos/no-img.png"
	},
	{
		"username": "conan",
		"email": "conan@gmail.com",
		"address": "12, Jaffa Road,91342 Sharon ,ISRAEL",
		"telephone": "6526576415",
		"password": "conan123",
		"nickname": "coco",
		"description": "Hello Im Username conan I Love Reading Books, Because Reading Books is Fun",
		"photo": "User Photos/no-img.png"
	},
	{
		"username": "jimmy",
		"email": "jimmy@gmail.com",
		"address": "16, Yafo Street,94142 Negev ,ISRAEL",
		"telephone": "6526575416",
		"password": "jimmy123",
		"nickname": "jim",
		"description": "Hello Im Username jimmy I Love Reading Books, Because Reading Books is Fun",
		"photo": "User Photos/no-img.png"
	},
	{
		"username": "james",
		"email": "james@gmail.com",
		"address": "16, Yafo Street,94142 Galil ,ISRAEL",
		"telephone": "6512345678",
		"password": "james123",
		"nickname": "jam",
		"description": "Hello Im Username james I Love Reading Books, Because Reading Books is Fun",
		"photo": "User Photos/no-img.png"
	},
	{
		"username": "ethan",
		"email": "ethan@gmail.com",
		"address": "16, Yafo Street,94142 Negev ,ISRAEL",
		"telephone": "6526572418",
		"password": "ethan123",
		"nickname": "eth",
		"description": "Hello Im Username ethan I Love Reading Books, Because Reading Books is Fun",
		"photo": "User Photos/no-img.png"
	},
	{
		"username": "liam",
		"email": "liam10@gmail.com",
		"address": "16, Herzl Boulevard,94142 Galil ,ISRAEL",
		"telephone": "6526573419",
		"password": "liam123",
		"nickname": "liamya",
		"description": "Hello Im Username liam I Love Reading Books, Because Reading Books is Fun",
		"photo": "User Photos/no-img.png"
	},
	{
		"username": "aya",
		"email": "aya@gmail.com",
		"address": "16, Emek Refaim,94142 JERUSALEM,ISRAEL",
		"telephone": "6546075420",
		"password": "aya123",
		"nickname": "ayasha",
		"description": "Hello Im Username aya I Love Reading Books, Because Reading Books is Fun",
		"photo": "User Photos/no-img.png"
	},
	{
		"username": "rawan",
		"email": "rawan@gmail.com",
		"address": "16,Via Dolorosa,94142 Negev ,ISRAEL",
		"telephone": "6546075421",
		"password": "rawan123",
		"nickname": "raw",
		"description": "Hello Im Username rawan I Love Reading Books, Because Reading Books is Fun",
		"photo": "User Photos/no-img.png"
	},
	{
		"username": "maya",
		"email": "maya@gmail.com",
		"address": "12, Yirmiyahu Street,94333 HAIFA,ISRAEL",
		"telephone": "6546075421",
		"password": "maya123",
		"nickname": "mayara",
		"description": "Hello Im Username maya I Love Reading Books, Because Reading Books is Fun",
		"photo": "User Photos/no-img.png"
	},
	{
		"username": "khaled",
		"email": "khaled@gmail.com",
		"address": "12, Zikhron Tuvya,90142 HAIFA,ISRAEL",
		"telephone": "6546075423",
		"password": "khaled123",
		"nickname": "khaledy",
		"description": "Hello Im Username khaled I Love Reading Books, Because Reading Books is Fun",
		"photo": "User Photos/no-img.png"
	},
	{
		"username": "ramez",
		"email": "ramez@gmail.com",
		"address": "16, Herzl Boulevard,94142 JERUSALEM,ISRAEL",
		"telephone": "6546075424",
		"password": "ramez123",
		"nickname": "ramezi",
		"description": "Hello Im Username ramez I Love Reading Books, Because Reading Books is Fun",
		"photo": "User Photos/no-img.png"
	},
	{
		"username": "messi",
		"email": "messi@gmail.com",
		"address": "34, Sderot Golda Meir,94142 HAIFA,ISRAEL",
		"telephone": "6546075425",
		"password": "messi123",
		"nickname": "leo",
		"description": "Hello Im Username messi I Love Reading Books, Because Reading Books is Fun",
		"photo": "User Photos/no-img.png"
	},
	{
		"username": "marinda",
		"email": "marinda@gmail.com",
		"address": "10, Jaffa Road,92242 JERUSALEM,ISRAEL",
		"telephone": "6526075426",
		"password": "marinda123",
		"nickname": "marindaya",
		"description": "Hello Im Username marinda I Love Reading Books, Because Reading Books is Fun",
		"photo": "User Photos/no-img.png"
	},
	{
		"username": "jessica",
		"email": "jessica@gmail.com",
		"address": "16, Yafo Street,94142 JERUSALEM,ISRAEL",
		"telephone": "6526075427",
		"password": "jessica123",
		"nickname": "jessi",
		"description": "Hello Im Username jessica I Love Reading Books, Because Reading Books is Fun",
		"photo": "User Photos/no-img.png"
	},
	{
		"username": "sam",
		"email": "sam@gmail.com",
		"address": "13, Yafo Street,94142 JERUSALEM,ISRAEL",
		"telephone": "6526075428",
		"password": "sam123",
		"nickname": "samy",
		"description": "Hello Im Username sam I Love Reading Books, Because Reading Books is Fun",
		"photo": "User Photos/no-img.png"
	},
	{
		"username": "elias",
		"email": "elias@gmail.com",
		"address": "37, Yafo Street,93142 JERUSALEM,ISRAEL",
		"telephone": "6526075429",
		"password": "elias123",
		"nickname": "eli",
		"description": "Hello Im Username elias I Love Reading Books, Because Reading Books is Fun",
		"photo": "User Photos/no-img.png"
	}
]